City,Temperature F,Max Temperature F,Latitude,Longitude,Humidity,Cloudiness,Wind Speed,Country,Date,City Id
Saint-Philippe,64.26,68.0,-21.36,55.77,77,37,4.7,RE,1598812760,935215
San Policarpo,79.79,79.79,12.18,125.51,83,100,7.83,PH,1598812761,1688696
Arraial do Cabo,83.95,86.0,-22.97,-42.03,61,0,14.99,BR,1598812761,3471451
Manado,75.2,75.2,1.49,124.85,94,20,2.24,ID,1598812481,1636544
Tuatapere,49.57,49.57,-46.13,167.68,66,70,9.95,NZ,1598812762,2180815
Puerto Ayora,75.2,75.2,-0.74,-90.35,60,100,20.8,EC,1598812762,3652764
Xichang,66.34,66.34,27.9,102.26,83,100,3.15,CN,1598812745,1789647
Henties Bay,55.99,55.99,-22.12,14.28,77,0,11.83,NA,1598812762,3356832
Siniscola,78.8,78.8,40.57,9.69,44,20,11.41,IT,1598812763,3166509
Yekepa,71.1,71.1,7.58,-8.54,95,13,4.21,LR,1598812763,2272790
Punta Arenas,35.29,35.6,-53.15,-70.92,51,75,16.11,CL,1598812763,3874787
Alyangula,78.8,78.8,-13.85,136.42,65,90,3.36,AU,1598812640,2079582
Atuona,78.42,78.42,-9.8,-139.03,79,73,22.19,PF,1598812764,4020109
PEMEX,88.2,88.2,18.44,-96.35,73,84,5.41,MX,1598812764,3515200
San Julián,72.14,72.14,21.02,-102.17,68,80,4.94,MX,1598812764,3985797
Avarua,73.4,73.4,-21.21,-159.78,78,2,13.87,CK,1598812765,4035715
Albany,70.38,73.0,42.6,-73.97,43,0,1.99,US,1598812765,5106841
Butaritari,82.49,82.49,3.07,172.79,75,2,11.68,KI,1598812765,2110227
Waingapu,73.94,73.94,-9.66,120.26,85,35,10.47,ID,1598812766,1622318
Edgecumbe,43.56,52.0,-37.98,176.83,95,21,1.01,NZ,1598812766,2191451
Qian’an,64.63,64.63,44.99,124.06,89,100,11.03,CN,1598812766,2035410
Bambous Virieux,70.83,71.6,-20.34,57.76,83,75,14.99,MU,1598812767,1106677
Hohhot,57.2,57.2,40.81,111.65,93,75,6.71,CN,1598812767,2036892
Taksimo,51.26,51.26,56.34,114.88,85,57,0.89,RU,1598812767,2015701
Quatre Cocos,70.75,71.6,-20.21,57.76,83,75,14.99,MU,1598812768,1106643
Castro,79.29,79.29,-24.79,-50.01,44,0,4.41,BR,1598812768,3466704
Mataura,49.33,49.33,-46.19,168.86,58,100,9.13,NZ,1598812769,6201424
Rikitea,69.3,69.3,-23.12,-134.97,83,48,19.42,PF,1598812769,4030556
Hilo,75.96,78.8,19.73,-155.09,74,75,3.36,US,1598812769,5855927
College,54.64,57.0,64.86,-147.8,66,75,3.36,US,1598812575,5859699
Ushuaia,28.4,28.4,-54.8,-68.3,92,75,27.51,AR,1598812770,3833367
Beyneu,75.47,75.47,45.32,55.2,42,3,9.57,KZ,1598812770,610298
Waipawa,53.67,55.4,-41.41,175.52,76,0,26.4,NZ,1598812770,2206874
Olivet,61.27,62.01,47.86,1.9,82,75,18.34,FR,1598812746,2989611
Yellowknife,52.97,53.6,62.46,-114.35,58,20,16.11,CA,1598812735,6185377
Carnarvon,60.8,60.8,-24.87,113.63,93,0,8.05,AU,1598812771,2074865
Saint Anthony,75.22,77.0,45.02,-93.22,47,20,12.75,US,1598812587,5044290
Port Alfred,51.53,51.53,-33.59,26.89,70,58,11.61,ZA,1598812772,964432
Port Loko,74.05,74.05,8.77,-12.78,96,100,4.14,SL,1598812772,2404433
Kailua,80.19,82.4,21.4,-157.74,65,20,17.22,US,1598812772,5847486
Geraldton,42.8,42.8,-28.77,114.6,93,0,5.82,AU,1598812772,2070998
Palmer,73.36,75.2,42.16,-72.33,41,40,18.34,US,1598812773,4946620
Boa Vista,86.0,86.0,2.82,-60.67,62,75,11.41,BR,1598812773,3664980
Puerto Madero,89.6,89.6,14.72,-92.42,55,20,5.97,MX,1598812774,3520989
Husavik,60.8,60.8,66.04,-17.34,59,75,24.16,IS,1598812774,2629833
East London,50.0,50.0,-33.02,27.91,66,0,6.93,ZA,1598812774,1006984
Iskateley,49.89,49.89,67.68,53.15,97,100,7.29,RU,1598812775,866062
Sistranda,49.28,51.8,63.73,8.83,66,40,10.29,NO,1598812775,3139597
Ghanzi,56.89,56.89,-21.57,21.78,33,0,7.85,BW,1598812775,933759
Vanimo,78.08,78.08,-2.67,141.3,81,100,3.47,PG,1598812776,2084442
Saint-Augustin,60.03,60.03,51.23,-58.65,57,10,14.99,CA,1598812776,6137462
Tiznit Province,76.03,76.03,29.58,-9.5,45,0,3.58,MA,1598812776,2527087
Kaoma,73.78,73.78,-14.78,24.8,45,0,8.79,ZM,1598812777,913323
Huesca,66.92,68.0,42.14,-0.41,40,15,13.87,ES,1598812777,3120514
Visby,59.27,61.0,57.64,18.3,87,8,3.36,SE,1598812777,2662689
Fortuna,64.4,66.0,40.6,-124.16,63,1,6.93,US,1598812777,5563839
Ntcheu,69.42,69.42,-14.82,34.64,33,0,3.74,MW,1598812778,924492
Kieta,79.9,79.9,-6.22,155.63,74,97,5.55,PG,1598812778,2094027
Selma,83.79,86.0,36.57,-119.61,42,1,6.93,US,1598812779,5394329
Abhā,77.85,78.8,18.22,42.51,17,79,17.22,SA,1598812779,110690
Ulladulla,53.58,59.0,-35.35,150.47,62,0,9.17,AU,1598812780,2145554
Dano,75.99,75.99,11.15,-3.07,87,80,5.06,BF,1598812780,2361586
Torbay,67.91,69.01,47.67,-52.73,100,90,23.04,CA,1598812521,6167817
Kattivākkam,84.2,84.2,13.22,80.32,83,40,5.82,IN,1598812780,1267433
Bograd,50.0,50.0,54.23,90.83,93,18,4.99,RU,1598812781,1509847
Beidao,53.74,53.74,34.57,105.89,84,8,0.29,CN,1598812782,1816751
Samarineşti,74.79,74.79,44.75,23.05,44,0,6.04,RO,1598812782,668119
Rome,69.48,71.01,43.21,-75.46,52,40,8.05,US,1598812565,5134295
Vestmanna,51.8,51.8,62.16,-7.17,93,100,9.17,FO,1598812782,2610343
Souillac,71.6,71.6,-20.52,57.52,83,75,14.99,MU,1598812783,933995
New Norfolk,40.57,44.01,-42.78,147.06,72,0,3.0,AU,1598812783,2155415
Marawi,75.99,75.99,8.0,124.29,86,100,4.0,PH,1598812784,1701054
Gamboma,80.26,80.26,-1.88,15.86,68,100,4.14,CG,1598812784,2259947
Juegang,82.0,82.0,32.32,121.19,58,0,8.61,CN,1598812784,1804979
Glenwood Springs,68.22,73.99,39.55,-107.32,41,1,5.82,US,1598812785,5423092
Barcelona,71.78,75.2,41.39,2.16,57,40,5.82,ES,1598812529,3128760
Osypenko,80.01,80.01,46.91,36.83,100,0,5.01,UA,1598812785,698316
Bougouni,76.12,76.12,11.42,-7.48,89,100,3.71,ML,1598812786,2459775
Cidreira,57.61,57.61,-30.18,-50.21,93,100,14.14,BR,1598812786,3466165
Shitanjing,58.62,58.62,39.23,106.34,63,0,5.23,CN,1598812786,1794971
Coyhaique,51.8,51.8,-45.58,-72.07,78,20,4.7,CL,1598812787,3894426
Haines Junction,47.55,47.55,60.75,-137.51,74,100,4.76,CA,1598812787,5969025
Tura,76.01,76.01,25.52,90.22,90,100,3.8,IN,1598812787,1254046
Airai,56.44,56.44,-8.93,125.41,100,6,4.05,TL,1598812788,1651810
Goianésia,96.67,96.67,-15.32,-49.12,15,48,3.31,BR,1598812788,3462378
Samarai,78.4,78.4,-10.62,150.67,88,97,18.07,PG,1598812788,2132606
Ixtapa,86.0,86.0,20.7,-105.2,74,75,6.93,MX,1598812789,4004293
Galveston,91.94,93.99,29.37,-94.97,70,40,12.75,US,1598812789,4692856
Slave Lake,51.8,51.8,55.28,-114.77,62,40,27.51,CA,1598812789,6149374
Ribeira Grande,78.8,78.8,38.52,-28.7,88,40,12.75,PT,1598812790,3372707
Dubbo,50.0,50.0,-32.25,148.62,81,0,9.17,AU,1598812791,2168305
Bredasdorp,42.8,42.8,-34.53,20.04,81,36,2.24,ZA,1598812791,1015776
Fuerte Olimpo,91.35,91.35,-21.04,-57.87,23,100,6.98,PY,1598812791,3438102
Severo-Kuril'sk,49.28,49.28,50.68,156.12,89,35,15.32,RU,1598812791,2121385
Hobart,42.75,44.01,-42.88,147.33,75,5,12.75,AU,1598812504,2163355
Busselton,40.64,41.0,-33.65,115.33,72,0,3.91,AU,1598812792,2075265
Lebyazh'ye,68.43,68.43,55.27,66.49,68,89,7.92,RU,1598812793,1500764
Saint Paul Harbor,53.6,53.6,57.79,-152.41,87,90,4.7,US,1598812793,5866583
Carbondale,74.7,75.99,37.73,-89.22,73,90,4.7,US,1598812793,4235193
Yiyang,73.8,73.8,28.59,112.33,83,0,4.9,CN,1598812794,1808316
Saldanha,50.0,50.0,-33.01,17.94,66,0,4.7,ZA,1598812794,3361934
Egvekinot,40.03,40.03,66.32,-179.17,76,75,19.01,RU,1598812795,4031742
Bethel,74.98,77.0,41.37,-73.41,53,20,11.41,US,1598812795,5282297
Vila Velha,79.45,80.01,-20.33,-40.29,74,20,19.46,BR,1598812796,3445026
Gimli,71.06,71.06,50.63,-96.99,54,100,17.63,CA,1598812796,5961417
Beloha,77.04,77.04,-25.17,45.05,54,99,5.08,MG,1598812797,1067565
Jamestown,68.22,71.01,42.1,-79.24,63,75,8.05,US,1598812797,5122534
Kahului,77.88,82.4,20.89,-156.47,58,20,18.34,US,1598812797,5847411
Bathsheba,87.8,87.8,13.22,-59.52,70,75,13.87,BB,1598812798,3374083
Assiut,95.0,95.0,27.18,31.18,26,0,9.17,EG,1598812799,359783
Jalu,88.88,88.88,29.03,21.55,19,0,6.53,LY,1598812799,86049
Kapaa,79.34,80.01,22.08,-159.32,74,20,17.22,US,1598812799,5848280
La Ronge,51.8,51.8,55.1,-105.28,66,90,6.93,CA,1598812800,6050066
Santa Maria,51.8,51.8,-29.68,-53.81,93,90,8.05,BR,1598812800,3450083
Lebu,50.13,50.13,-37.62,-73.65,66,0,25.05,CL,1598812800,3883457
Gao,87.71,87.71,16.64,1.64,53,100,2.75,ML,1598812801,2457161
Labuhan,76.33,76.33,-6.88,112.21,79,94,6.46,ID,1598812801,8079926
Neijiang,68.09,68.09,29.58,105.06,85,100,9.62,CN,1598812802,1799491
Iqaluit,51.39,51.8,63.75,-68.51,66,20,4.7,CA,1598812734,5983720
Hong Kong,82.71,84.0,22.29,114.16,79,80,4.0,HK,1598812804,1819729
Prokovsino,60.8,60.8,59.68,29.85,82,40,4.47,RU,1598812804,504875
Shevchenkove,75.11,75.2,49.7,37.17,33,0,4.47,UA,1598812804,694137
Rapid Valley,71.87,73.4,44.06,-103.15,40,1,39.15,US,1598812805,5768244
Buta,71.69,71.69,2.79,24.73,95,100,1.28,CD,1598812805,217570
Menongue,65.62,65.62,-14.66,17.69,32,6,2.37,AO,1598812805,3347353
San Ramon,75.79,79.0,37.78,-121.98,53,1,6.93,US,1598812532,5392593
Miragoâne,84.42,84.42,18.44,-73.09,73,19,4.45,HT,1598812807,3720824
Rio Claro,93.2,93.2,-22.41,-47.56,23,0,4.7,BR,1598812807,3451234
Belgrade,81.72,84.2,44.8,20.47,45,0,11.41,RS,1598812729,792680
Esperance,44.6,44.6,-33.87,121.9,87,0,12.75,AU,1598812808,2071860
Cap Malheureux,70.0,70.0,-19.98,57.61,80,0,5.99,MU,1598812808,934649
Tasiilaq,53.6,53.6,65.61,-37.64,46,100,13.87,GL,1598812809,3424607
Esna,91.27,91.27,25.29,32.55,15,0,6.51,EG,1598812809,355449
Poum,68.61,68.61,-20.23,164.02,71,3,11.07,NC,1598812809,2138555
Bahir Dar,61.21,61.21,11.59,37.39,86,52,4.27,ET,1598812810,342884
Katsuura,78.78,80.6,35.13,140.3,94,75,5.82,JP,1598812811,2112309
Faanui,76.84,76.84,-16.48,-151.75,76,0,23.58,PF,1598812811,4034551
Cape Town,48.04,48.2,-33.93,18.42,66,0,2.24,ZA,1598812735,3369157
Nikolskoye,57.87,60.8,59.7,30.79,82,40,4.47,RU,1598812812,546105
Yangi Marg`ilon,73.4,73.4,40.43,71.72,56,0,2.24,UZ,1598812813,1513491
Dukat,32.58,32.58,62.55,155.55,96,0,2.55,RU,1598812813,2125906
Praia,84.2,84.2,14.92,-23.51,74,75,11.41,CV,1598812735,3374333
Matadi,77.92,77.92,-5.82,13.45,66,0,8.37,CD,1598812814,2313002
Benguela,67.59,67.59,-12.58,13.41,82,1,3.58,AO,1598812815,3351663
Port Lincoln,51.91,51.91,-34.73,135.87,62,100,5.82,AU,1598812816,2063036
Codrington,46.22,46.22,-38.27,141.97,73,67,9.8,AU,1598812817,2171099
Petropavlovsk-Kamchatskiy,41.0,41.0,53.05,158.65,100,13,11.18,RU,1598812818,2122104
Cabo San Lucas,86.14,89.6,22.89,-109.91,78,40,8.05,MX,1598812818,3985710
Port Blair,81.82,81.82,11.67,92.75,80,100,7.96,IN,1598812818,1259385
Vila Franca do Campo,78.8,78.8,37.72,-25.43,74,40,8.05,PT,1598812819,3372472
Hermanus,45.0,45.0,-34.42,19.23,82,0,11.48,ZA,1598812819,3366880
Kushima,78.01,78.01,31.46,131.23,88,0,1.01,JP,1598812820,1895695
Kaseda-shirakame,78.01,78.01,31.42,130.32,88,0,1.01,JP,1598812820,1859964
Martapura,75.2,75.2,-3.42,114.85,94,0,1.12,ID,1598812820,1636022
Visakhapatnam,84.2,84.2,17.69,83.21,89,40,3.36,IN,1598812750,1253102
Chul'man,49.98,49.98,56.85,124.91,85,100,4.7,RU,1598812822,2025261
Bilibino,40.35,40.35,68.05,166.44,80,100,4.27,RU,1598812822,2126682
Westport,77.13,79.0,41.14,-73.36,47,75,9.17,US,1598812822,4845585
Rozivka,73.63,73.63,46.94,35.77,32,0,7.99,UA,1598812823,695307
Mahon,73.4,73.4,39.89,4.27,56,20,11.41,ES,1598812823,2514301
Flinders,56.88,62.01,-34.58,150.86,81,0,1.01,AU,1598812824,6255012
Shreveport,88.45,90.0,32.53,-93.75,58,1,5.82,US,1598812701,4341513
Kamenka,65.7,65.7,51.32,42.77,55,0,6.78,RU,1598812825,553766
Mar del Plata,59.0,59.0,-38.0,-57.56,24,0,23.04,AR,1598812825,3430863
Ahipara,52.7,52.7,-35.17,173.17,87,0,5.17,NZ,1598812827,2194098
Southbridge,72.72,75.0,42.08,-72.03,45,0,1.01,US,1598812681,4951594
Ozernovskiy,49.14,49.14,51.5,156.52,91,29,8.48,RU,1598812827,2122293
Agadez,91.18,91.18,19.75,10.25,40,100,25.03,NE,1598812828,2448083
São Filipe,78.71,78.71,14.9,-24.5,81,50,10.96,CV,1598812828,3374210
Vaini,75.2,75.2,-21.2,-175.2,94,40,9.17,TO,1598812829,4032243
Cherskiy,37.96,37.96,68.75,161.3,89,100,10.94,RU,1598812829,2126199
Kaitangata,54.0,54.0,-46.28,169.85,42,100,8.99,NZ,1598812829,2208248
Soyo,71.51,71.51,-6.13,12.37,83,21,9.48,AO,1598812830,2236967
Sola,80.6,80.6,-13.88,167.55,83,75,9.17,VU,1598812830,2134814
Ubari,93.78,93.78,26.59,12.78,13,0,10.65,LY,1598812831,2219235
Río de Jesús,84.94,84.94,7.98,-81.16,70,96,3.89,PA,1598812831,3701882
Hasaki,74.82,77.0,35.73,140.83,100,75,3.36,JP,1598812831,2112802
Salalah,77.0,77.0,17.02,54.09,94,90,4.7,OM,1598812832,286621
Cururupu,85.53,85.53,-1.83,-44.87,57,41,7.23,BR,1598812832,3401148
Ambon City,78.66,78.66,-3.7,128.18,86,86,11.88,ID,1598812833,1651531
Nanortalik,48.27,48.27,60.14,-45.24,75,100,9.06,GL,1598812835,3421765
Weihe,56.25,56.25,33.0,105.32,86,100,4.59,CN,1598812835,7372400
San Juan,60.78,60.78,-31.54,-68.54,32,0,3.8,AR,1598812668,3837213
Pevek,37.02,37.02,69.7,170.31,84,8,4.16,RU,1598812836,2122090
Constitución,56.25,56.25,-35.33,-72.42,55,0,16.26,CL,1598812837,3893726
Mlonggo,76.33,76.33,-6.53,110.7,81,99,5.48,ID,1598812837,1635164
Messina,80.19,81.0,38.19,15.55,94,20,5.82,IT,1598812838,2524170
Chui,51.67,51.67,-33.7,-53.46,60,100,4.9,UY,1598812838,3443061
Rørvik,50.0,50.0,64.86,11.24,71,40,4.7,NO,1598812839,3141310
Lima,62.6,62.6,-12.04,-77.03,77,90,8.05,PE,1598812550,3936456
Dobryanka,59.0,59.0,58.46,56.42,100,100,6.71,RU,1598812840,565778
Teya,48.99,48.99,60.38,92.63,88,5,1.61,RU,1598812841,1489656
Mahébourg,71.6,71.6,-20.41,57.7,83,75,14.99,MU,1598812842,934322
Nome,53.33,53.6,64.5,-165.41,76,75,12.75,US,1598812742,5870133
Singkawang,77.76,77.76,0.9,109.0,87,67,1.16,ID,1598812843,1626916
Balashov,65.53,65.53,51.55,43.17,56,0,6.33,RU,1598812844,579460
Kavieng,82.47,82.47,-2.57,150.8,76,94,12.06,PG,1598812844,2094342
Labytnangi,46.26,46.26,66.66,66.42,75,100,9.75,RU,1598812845,1500933
Naze,80.6,80.6,28.37,129.48,94,20,5.82,JP,1598812845,1855540
Roald,51.01,53.6,62.58,6.13,62,20,9.17,NO,1598812846,3141667
Adrar,97.88,97.88,20.5,-10.07,10,100,10.98,MR,1598812847,2381972
Mwinilunga,67.17,67.17,-11.74,24.43,59,2,3.6,ZM,1598812847,902620
Port Moresby,74.59,74.59,-9.44,147.18,88,93,7.94,PG,1598812848,2088122
Belém de São Francisco,91.27,91.27,-8.75,-38.97,29,0,21.41,BR,1598812850,3405852
Batagay,44.11,44.11,67.63,134.63,61,56,3.02,RU,1598812851,2027044
Zemio,71.56,71.56,5.03,25.14,92,100,1.43,CF,1598812852,235826
Matara,79.81,79.81,5.95,80.54,85,100,10.27,LK,1598812852,1235846
Olafsvik,52.75,52.75,64.89,-23.71,92,100,25.77,IS,1598812853,3414079
Oodweyne,80.89,80.89,9.41,45.06,47,100,13.94,SO,1598812853,53372
Arys,75.2,75.2,42.43,68.8,41,0,6.71,KZ,1598812853,1526168
Muros,68.0,68.0,42.78,-9.06,59,0,11.99,ES,1598812854,3115824
Germenchik,70.27,71.6,43.59,43.77,49,20,2.24,RU,1598812854,561550
San Quintín,72.7,72.7,30.48,-115.95,66,8,11.39,MX,1598812855,3984997
Bayir,78.8,78.8,37.27,28.22,74,0,2.24,TR,1598812856,304183
Kathu,82.96,86.0,7.92,98.33,94,20,1.12,TH,1598812857,1153035
Novo Aripuanã,83.57,83.57,-5.12,-60.38,65,59,1.54,BR,1598812857,3663142
Marsaxlokk,81.14,82.99,35.84,14.54,88,20,5.82,MT,1598812857,2562247
Deniliquin,39.99,39.99,-35.53,144.97,91,0,1.01,AU,1598812564,2169068
Vostok,47.32,47.32,46.49,135.88,81,97,4.34,RU,1598812859,2013279
Paso de Carrasco,50.79,51.8,-34.86,-56.05,46,75,11.41,UY,1598812860,3441292
Hobyo,78.19,78.19,5.35,48.53,77,59,24.49,SO,1598812860,57000
Sisimiut,54.66,54.66,66.94,-53.67,56,0,9.89,GL,1598812861,3419842
Bilma,94.3,94.3,18.69,12.92,34,0,9.86,NE,1598812862,2446796
Atar,102.2,102.2,20.52,-13.05,18,0,11.41,MR,1598812862,2381334
Aklavik,46.4,46.4,68.22,-135.01,81,90,4.7,CA,1598812862,5882953
Reconquista,53.67,53.67,-29.15,-59.65,61,100,11.99,AR,1598812863,3429594
Mogadishu,78.12,78.12,2.04,45.34,83,74,13.91,SO,1598812864,53654
Isangel,69.8,69.8,-19.55,169.27,83,90,14.03,VU,1598812864,2136825
Yumen,55.74,55.74,40.28,97.2,38,0,4.27,CN,1598812865,1528998
Yunyang,73.51,73.51,33.45,112.71,81,0,3.58,CN,1598812866,1785655
Puerto Colombia,87.8,87.8,10.99,-74.95,62,75,6.93,CO,1598812867,3671497
Katangli,43.56,43.56,51.71,143.23,89,0,6.17,RU,1598812867,2122783
Pahrump,85.17,95.0,36.21,-115.98,8,0,3.0,US,1598812641,5509851
Benjamín Hill,79.0,79.0,30.17,-111.1,90,100,11.92,MX,1598812868,4017152
Angoulême,61.2,64.0,45.65,0.15,93,100,5.82,FR,1598812868,3037598
Shuangcheng,64.4,64.4,45.35,126.28,100,99,2.24,CN,1598812869,2034834
Clyde River,48.2,48.2,70.47,-68.59,81,1,14.99,CA,1598812815,5924351
Grindavik,53.6,53.6,63.84,-22.43,93,90,29.97,IS,1598812870,3416888
Leiyang,76.32,76.32,26.4,112.86,78,0,1.72,CN,1598812871,1804208
Eureka,62.62,66.0,40.8,-124.16,63,20,8.05,US,1598812871,5563397
Loukhi,46.92,46.92,66.08,33.04,77,53,2.64,RU,1598812871,533964
Gemünden am Main,54.01,55.0,50.05,9.7,93,100,6.35,DE,1598812872,2921379
Chepareria,62.22,62.22,1.31,35.2,74,60,4.27,KE,1598812873,199604
Banepā,73.4,73.4,27.63,85.52,88,75,2.24,NP,1598812875,1283679
Chicama,70.68,70.68,-7.84,-79.15,58,38,11.45,PE,1598812875,3698359
Karratha,73.62,73.62,-20.74,116.85,41,0,5.7,AU,1598812876,6620339
Kirkuk,93.16,93.16,35.47,44.39,14,0,11.25,IQ,1598812751,94787
Ondjiva,70.57,70.57,-17.07,15.73,25,1,4.12,AO,1598812877,3346821
La Asuncion,83.53,83.53,11.03,-63.86,73,100,6.22,VE,1598812878,3480908
Vestmannaeyjar,51.8,51.8,63.44,-20.27,100,90,25.28,IS,1598812878,3412093
Santa Rosalía,86.61,86.61,27.32,-112.28,60,1,9.4,MX,1598812879,3983805
Treinta y Tres,53.94,53.94,-33.23,-54.38,55,100,5.82,UY,1598812880,3439781
Wajir,86.0,86.0,1.75,40.06,45,0,18.92,KE,1598812782,178443
Houston,94.24,96.01,29.76,-95.36,56,75,3.36,US,1598812147,4699066
Grand Gaube,70.0,70.0,-20.01,57.66,80,1,5.99,MU,1598812881,934479
Ngawi,74.08,74.08,-7.4,111.45,75,30,7.76,ID,1598812881,1634098
Sagua la Grande,91.4,91.4,22.81,-80.08,55,75,4.7,CU,1598812882,3541440
Heinola,54.55,55.4,61.21,26.04,93,100,8.05,FI,1598812625,658288
Grand-Lahou,74.64,74.64,5.14,-5.02,87,87,9.42,CI,1598812882,2288105
Lamu,76.73,76.73,-2.27,40.9,80,0,14.56,KE,1598812883,189741
Funtua,71.2,71.2,11.52,7.31,90,100,4.36,NG,1598812883,2342490
Kizhinga,52.11,52.11,51.85,109.91,95,100,4.72,RU,1598812883,2022003
Hithadhoo,82.45,82.45,-0.6,73.08,75,58,11.56,MV,1598812884,1282256
Manokwari,79.11,79.11,-0.87,134.08,70,100,4.45,ID,1598812884,1636308
Chifeng,66.88,66.88,42.27,118.96,92,42,0.63,CN,1598812885,2038067
Port Hedland,66.2,66.2,-20.32,118.57,48,0,4.7,AU,1598812885,2063042
Hervey Bay,61.18,62.01,-25.3,152.85,82,75,6.49,AU,1598812780,2146219
Laas,51.78,55.0,46.62,10.7,87,40,3.36,IT,1598812886,3175096
Sitka,53.6,53.6,57.05,-135.33,81,90,11.41,US,1598812887,5557293
Nanchang,79.39,79.39,28.68,115.88,71,2,5.55,CN,1598812729,1800163
Laguna,75.65,78.01,38.42,-121.42,56,1,3.36,US,1598812699,5364271
Grand Baie,70.0,70.0,-20.02,57.58,80,2,5.99,MU,1598812888,934482
Lüderitz,56.53,56.53,-26.65,15.16,41,100,30.11,NA,1598812889,3355672
Penzance,59.0,59.0,50.12,-5.54,62,100,9.17,GB,1598812889,2640377
Kushikino,78.01,78.01,31.72,130.27,88,0,1.01,JP,1598812889,1858041
Puerto Baquerizo Moreno,71.6,71.6,-0.9,-89.6,73,75,16.11,EC,1598812890,3652758
Kimbe,76.95,76.95,-5.55,150.14,84,13,6.78,PG,1598812890,2093967
Bengkulu,76.42,76.42,-3.8,102.27,85,83,4.03,ID,1598812891,1649150
Lorengau,81.23,81.23,-2.02,147.27,81,16,10.85,PG,1598812891,2092164
Batemans Bay,50.52,55.99,-35.72,150.18,93,0,1.01,AU,1598812892,2176639
Cockburn Town,86.0,86.0,21.46,-71.14,70,40,10.29,TC,1598812892,3576994
Vieste,86.67,89.01,41.88,16.18,58,40,9.17,IT,1598812893,3164387
Noshiro,68.38,68.38,40.2,140.02,89,100,14.47,JP,1598812894,2128867
Nhulunbuy,75.2,75.2,-12.23,136.77,83,75,10.29,AU,1598812895,2064735
Kosino,56.37,56.37,58.41,51.28,91,100,8.57,RU,1598812896,544119
Mareeba,67.66,69.8,-17.0,145.43,88,90,11.41,AU,1598812897,2158767
Asău,75.34,78.8,46.43,26.4,54,0,11.41,RO,1598812897,686090
Tomakomai,55.18,57.99,42.64,141.6,100,75,2.24,JP,1598812898,2127733
Kirakira,79.86,79.86,-10.45,161.92,83,100,13.27,SB,1598812898,2178753
Pilar,80.6,80.6,-9.6,-35.96,65,75,11.41,BR,1598812899,3392126
Alofi,71.6,71.6,-19.06,-169.92,94,45,6.93,NU,1598812799,4036284
Kloulklubed,75.2,75.2,7.04,134.26,94,75,4.7,PW,1598812901,7671223
Ancud,39.0,39.0,-41.87,-73.82,94,87,7.0,CL,1598812902,3899695
Lagoa,75.11,75.11,39.05,-27.98,94,18,12.15,PT,1598812903,3372964
Moose Factory,57.2,57.2,51.26,-80.61,58,90,9.17,CA,1598812903,6078372
Yenagoa,75.4,75.4,4.92,6.26,91,100,5.01,NG,1598812904,2318123
Touros,84.2,84.2,-5.2,-35.46,51,20,13.87,BR,1598812886,3386213
Agirish,56.23,56.23,61.92,63.02,98,96,6.08,RU,1598812904,1512101
Pinega,51.15,51.15,64.7,43.39,95,100,5.79,RU,1598812905,509483
Harper,75.94,75.94,4.38,-7.72,82,95,12.1,LR,1598812906,2276492
Cabedelo,82.4,82.4,-6.98,-34.83,61,68,12.75,BR,1598812753,3404558
Pangody,43.27,43.27,65.85,74.49,83,27,8.37,RU,1598812908,1495626
Sakakah,95.0,95.0,29.97,40.21,8,0,4.7,SA,1598812908,102527
Ilabaya,67.91,67.91,-17.42,-70.51,39,3,10.04,PE,1598812909,3938455
Scottsbluff,91.22,91.4,41.87,-103.67,15,1,18.34,US,1598812909,5699404
Thompson,55.4,55.4,55.74,-97.86,100,90,6.93,CA,1598812910,6165406
Sayyan,66.78,66.78,15.17,44.32,47,74,4.68,YE,1598812910,70979
Porto Velho,95.0,95.0,-8.76,-63.9,39,40,2.24,BR,1598812663,3662762
Broken Hill,46.4,46.4,-31.95,141.43,81,0,14.99,AU,1598812911,2173911
Biltine,78.24,78.24,14.53,20.92,75,83,11.61,TD,1598812912,244878
Gayny,54.16,54.16,60.31,54.32,91,100,7.38,RU,1598812913,561698
Acaraú,85.95,85.95,-2.89,-40.12,52,16,22.77,BR,1598812914,3408368
George Town,80.11,82.4,5.41,100.34,94,40,3.36,MY,1598812914,1735106
Umluj,88.3,88.3,25.02,37.27,45,0,4.79,SA,1598812915,100926
Nadym,44.85,44.85,65.53,72.52,74,6,10.18,RU,1598812915,1498087
Bluefield,75.85,81.0,37.27,-81.22,60,1,6.93,US,1598812917,4799622
Portobelo,84.88,86.0,9.55,-79.65,79,96,11.99,PA,1598812917,3702577
Chora,80.6,80.6,37.05,21.72,54,0,7.92,GR,1598812917,259919
Baruun-Urt,46.11,46.11,46.68,113.28,96,47,1.61,MN,1598812918,2032614
Richards Bay,57.99,57.99,-28.78,32.04,82,100,13.29,ZA,1598812918,962367
Lethem,80.73,80.73,3.38,-59.8,80,100,3.4,GY,1598812918,3379316
Fuling,76.48,76.48,29.7,107.39,74,0,3.24,CN,1598812919,1810979
Turbat,87.31,87.31,26.0,63.04,46,89,9.82,PK,1598812919,1163054
Alice Town,84.51,84.51,25.72,-79.3,72,100,10.25,BS,1598812920,3572924
Ust-Nera,43.77,43.77,64.57,143.2,76,100,2.13,RU,1598812920,2120048
Omboué,74.7,74.7,-1.57,9.26,84,100,10.56,GA,1598812921,2396853
Khakhea,47.35,47.35,-24.69,23.49,42,0,9.66,BW,1598812922,933649
Kruisfontein,46.99,46.99,-34.0,24.73,79,99,1.01,ZA,1598812923,986717
Port-Gentil,77.0,77.0,-0.72,8.78,83,75,15.61,GA,1598812765,2396518
Shelby,82.42,84.0,35.2,-89.87,78,40,5.82,US,1598812924,4657046
Todos Santos,83.52,84.0,23.45,-110.22,79,6,5.99,MX,1598812926,3981432
Methven,51.01,51.01,-43.63,171.65,50,100,1.01,NZ,1598812926,2186895
Kānt,79.92,79.92,27.8,79.8,81,8,7.43,IN,1598812926,1267979
Calbuco,48.45,48.45,-41.77,-73.13,71,90,6.2,CL,1598812927,3897334
Alihe,53.29,53.29,50.57,123.72,94,100,2.95,CN,1598812927,2038665
Riyadh,91.4,91.4,24.69,46.72,19,30,3.36,SA,1598812829,108410
Jutaí,91.29,91.29,-5.18,-68.9,48,98,3.29,BR,1598812929,3663693
Baykit,49.91,49.91,61.67,96.37,87,100,2.3,RU,1598812929,1510689
Neuquén,59.0,59.0,-38.95,-68.06,30,0,10.29,AR,1598812930,3843123
Kutum,79.74,79.74,14.2,24.67,55,56,2.06,SD,1598812931,371745
Norman Wells,53.6,53.6,65.28,-126.83,58,75,14.99,CA,1598812929,6089245
Lufilufi,77.0,77.0,-13.87,-171.6,94,20,4.7,WS,1598812932,4035249
Vitim,50.95,50.95,59.45,112.56,87,87,0.96,RU,1598812933,2013375
Bluff,52.2,52.2,-46.6,168.33,63,100,22.73,NZ,1598812896,2206939
Turukhansk,49.53,49.53,65.82,87.98,97,67,4.14,RU,1598812934,1488903
Basco,83.41,83.41,20.45,121.97,81,6,16.31,PH,1598812934,1726449
Chatrapur,83.01,83.01,19.35,84.98,84,100,6.87,IN,1598812935,1274533
Ponta do Sol,73.96,75.2,32.67,-17.1,53,40,16.11,PT,1598812937,2264557
Pochutla,90.0,90.0,15.74,-96.47,66,0,5.99,MX,1598812937,3517970
Balad,97.56,97.56,34.02,44.15,9,0,8.59,IQ,1598812937,98112
Sabzawār,66.25,66.25,36.21,57.68,50,0,9.89,IR,1598812937,118063
Santa Cruz Cabrália,78.8,78.8,-16.28,-39.02,69,20,14.99,BR,1598812938,3450288
Bandarbeyla,77.25,77.25,9.49,50.81,78,100,28.92,SO,1598812939,64814
Bom Jesus,92.91,92.91,-9.07,-44.36,26,84,6.6,BR,1598812939,3405304
Klyuchi,61.45,61.45,52.27,79.17,74,0,5.48,RU,1598812940,1503153
Qinggang,59.68,59.68,46.68,126.08,95,100,8.84,CN,1598812940,2035325
Prince Rupert,53.6,53.6,54.32,-130.32,93,90,11.41,CA,1598812919,6113406
Zottegem,59.67,61.0,50.87,3.81,85,63,3.0,BE,1598812940,2783176
Taloqan,65.57,65.57,36.74,69.53,36,3,2.39,AF,1598812941,1123004
São João da Barra,84.2,84.2,-21.64,-41.05,54,20,20.8,BR,1598812942,3448903
Flin Flon,59.0,59.0,54.77,-101.86,62,75,11.41,CA,1598812943,5954718
Kupang,75.31,75.31,-10.17,123.58,82,0,11.83,ID,1598812944,2057087
Leh,60.57,60.57,34.17,77.58,30,0,4.29,IN,1598812944,1264976
Lindi,70.68,70.68,-10.0,39.72,81,0,4.27,TZ,1598812944,878281
Carballo,63.79,66.2,43.21,-8.69,52,20,10.29,ES,1598812945,3126369
Charters Towers,56.91,56.91,-20.1,146.27,94,1,6.64,AU,1598812945,2171722
Saint-Joseph,64.36,68.0,-21.37,55.62,72,19,5.82,RE,1598812946,6690296
Aleksandrov Gay,69.85,69.85,50.15,48.57,45,3,7.0,RU,1598812947,583345
Calabozo,82.36,82.36,8.92,-67.43,84,100,6.76,VE,1598812947,3647444
Severo-Yeniseyskiy,46.22,46.22,60.37,93.04,96,0,2.19,RU,1598812948,1492566
Evensk,44.62,44.62,61.95,159.23,68,6,8.52,RU,1598812948,2125693
Nyurba,50.67,50.67,63.28,118.33,86,41,4.74,RU,1598812948,2018735
Uray,61.16,61.16,60.12,64.78,93,25,7.81,RU,1598812948,1488429
Port Hardy,55.4,55.4,50.7,-127.42,87,90,10.29,CA,1598812849,6111862
Ariquemes,99.23,99.23,-9.91,-63.04,24,64,2.75,BR,1598812741,3665199
Changji,72.34,75.0,44.02,87.32,45,0,2.24,CN,1598812951,1529569
Japura,73.83,73.83,-0.32,102.35,95,82,2.15,ID,1598812951,1642773
Pauini,94.93,94.93,-7.71,-66.98,37,95,2.06,BR,1598812952,3662927
San Cristobal,87.8,87.8,7.77,-72.22,52,40,11.41,VE,1598812697,3628473
Oussouye,79.75,82.4,12.48,-16.55,94,75,6.93,SN,1598812952,2246901
Darnah,77.88,77.88,32.77,22.64,76,0,12.01,LY,1598812953,87205
Metro,74.53,74.53,-5.11,105.31,93,68,3.29,ID,1598812953,1635283
Kilindoni,76.48,76.48,-7.91,39.67,76,0,14.88,TZ,1598812954,157429
Kapchorwa,58.84,58.84,1.4,34.45,85,34,4.97,UG,1598812954,232235
Coquimbo,60.8,60.8,-29.95,-71.34,63,0,13.87,CL,1598812955,3893629
Hastings,57.69,60.01,50.86,0.57,61,59,1.99,GB,1598812889,2647356
Bowen,57.2,57.2,-20.02,148.23,93,4,3.36,AU,1598812956,2174444
Planeta Rica,84.2,84.2,8.41,-75.59,74,40,2.24,CO,1598812956,3672068
Tezu,77.92,77.92,27.92,96.17,76,100,1.54,IN,1598812956,1254709
Hurghada,84.76,84.76,27.26,33.81,54,0,4.74,EG,1598812957,361291
Shimoda,71.01,71.01,34.67,138.95,93,74,3.47,JP,1598812958,1852357
Kosterevo,63.45,63.45,55.93,39.61,93,0,3.91,RU,1598812958,461720
Rocha,52.29,52.29,-34.48,-54.33,56,88,9.28,UY,1598812958,3440777
Gualaquiza,77.59,77.59,-3.4,-78.55,61,19,3.76,EC,1598812959,3657661
Shalya,57.63,57.63,57.25,58.73,96,100,5.79,RU,1598812960,495915
Omaruru,52.43,52.43,-21.43,15.93,38,0,9.17,NA,1598812961,3354540
Altay,55.18,55.18,47.87,88.12,53,0,2.77,CN,1598812961,1529651
Yulara,57.2,57.2,-25.24,130.99,47,0,5.82,AU,1598812962,6355222
Granja,96.85,96.85,-3.12,-40.83,27,98,11.92,BR,1598812963,3398706
Astoria,61.97,62.6,46.19,-123.83,67,20,8.05,US,1598812963,5711847
Salym,64.09,64.09,60.06,71.48,93,100,5.61,RU,1598812963,1493162
Alakurtti,48.0,48.0,66.97,30.35,89,79,1.99,RU,1598812964,583472
Sapa,82.02,82.02,5.15,120.32,74,32,3.29,PH,1598812964,1687343
Lamont,89.1,90.0,35.26,-118.91,25,1,3.36,US,1598812965,5364916
Mapiripán,89.26,89.26,2.89,-72.13,54,51,6.15,CO,1598812966,3792394
Vágur,51.46,51.46,61.47,-6.81,86,100,10.13,FO,1598812967,2610806
Buraidah,95.0,95.0,26.33,43.98,16,0,6.93,SA,1598812967,107304
Broome,68.86,71.01,42.25,-75.83,56,20,12.75,US,1598812968,5110365
Lesnoy,62.42,62.42,57.62,63.08,89,80,6.53,RU,1598812968,6853140
Sawang Daen Din,80.01,80.01,17.48,103.46,89,100,3.15,TH,1598812970,1606350
Safford,80.6,80.6,32.83,-109.71,57,1,5.39,US,1598812970,5312476
Cayenne,87.8,87.8,4.93,-52.33,66,96,10.29,GF,1598812734,3382160
Balaipungut,75.2,75.2,1.05,101.28,94,20,1.83,ID,1598812971,1650600
Zhenhaicun,82.4,82.4,24.26,118.09,78,21,4.47,CN,1598812971,1784648
San Andrés,83.23,83.23,12.58,-81.7,79,0,14.41,CO,1598812817,3670218
Hunchun,62.26,62.26,42.87,130.36,91,100,4.5,CN,1598812972,2036653
Morón,55.6,57.99,-34.65,-58.62,39,29,6.93,AR,1598812973,3430545
Brønnøysund,49.01,50.0,65.46,12.2,61,20,12.75,NO,1598812974,3159954
Rafaela,62.22,64.0,-31.25,-61.49,24,76,5.99,AR,1598812974,3839479
Lata,69.71,72.0,40.16,-8.33,61,0,5.01,PT,1598812975,2738381
Barreirinha,93.56,93.56,-2.79,-57.07,43,92,0.34,BR,1598812915,3406202
El Alto,66.92,66.92,-4.27,-81.21,74,16,14.81,PE,1598812976,3697441
Hamza,73.4,73.4,40.43,71.5,56,0,2.24,UZ,1598812977,1513650
Santiago de Cao,64.29,64.29,-7.96,-79.24,75,82,14.18,PE,1598812978,3692073
Nacala,72.99,72.99,-14.54,40.67,76,0,7.31,MZ,1598812979,1035025
Ambilobe,70.5,70.5,-13.2,49.05,84,15,4.94,MG,1598812979,1082243
Sosnovo-Ozerskoye,46.42,46.42,52.52,111.54,95,100,6.38,RU,1598812980,2016216
Bloemfontein,39.2,39.2,-29.12,26.21,25,0,3.36,ZA,1598812980,1018725
Barcelos,70.07,72.0,41.54,-8.62,60,0,12.75,PT,1598812981,2742416
Port Macquarie,45.77,46.4,-31.43,152.92,100,0,6.46,AU,1598812982,2152659
Bembèrèkè,70.56,70.56,10.23,2.66,100,100,3.09,BJ,1598812982,2395182
Byron Bay,51.01,54.0,-28.65,153.62,93,1,8.25,AU,1598812983,2172880
Allāpalli,76.89,76.89,19.42,80.07,89,0,1.72,IN,1598812984,1278987
Skibbereen,55.4,55.4,51.55,-9.27,71,40,8.05,IE,1598812984,2961459
Pokrovskoye,74.86,74.86,47.42,38.9,37,0,10.2,RU,1598812985,507427
Pitimbu,82.4,82.4,-7.47,-34.81,61,16,12.75,BR,1598812985,3391889
Emilio Carranza,88.61,88.61,19.97,-96.61,65,65,11.05,MX,1598812986,3514843
Shenzhen,84.72,84.99,22.55,114.07,92,66,3.6,CN,1598812810,1795565
Kamiiso,62.22,62.22,41.82,140.65,90,100,20.04,JP,1598812987,2129766
Skegness,56.01,57.99,53.14,0.34,62,75,8.05,GB,1598812987,2637762
Abaeté,86.97,86.97,-19.16,-45.45,28,23,0.83,BR,1598812988,3473267
Mayo,80.1,82.0,38.89,-76.51,47,1,10.29,US,1598812990,4362001
Portland,61.75,64.99,45.52,-122.68,63,75,4.7,US,1598812648,5746545
Oddur,76.93,76.93,4.12,43.89,67,0,21.47,SO,1598812991,49747
Srednekolymsk,37.51,37.51,67.45,153.68,88,2,5.86,RU,1598812991,2121025
Korla,75.0,75.0,41.76,86.15,62,0,1.99,CN,1598812746,1529376
Muisne,86.0,86.0,0.6,-80.03,74,20,10.29,EC,1598812992,3653967
Arifwala,86.77,86.77,30.29,73.07,63,46,10.74,PK,1598812993,1184370
Shirokiy,52.77,52.77,49.76,129.52,79,100,13.4,RU,1598812993,2016680
Certaldo,70.23,72.0,43.55,11.04,61,59,6.33,IT,1598812994,3179024
Necochea,54.0,54.0,-38.55,-58.74,52,0,8.01,AR,1598812994,3430443
Savannah Bight,84.0,84.0,16.45,-85.85,76,0,20.18,HN,1598812994,3601402
Teknāf,79.92,79.92,20.86,92.31,89,100,2.57,BD,1598812995,1185095
Jaguaribe,96.85,96.85,-5.89,-38.62,22,58,12.55,BR,1598812995,3397675
Arrondissement de Lannion,59.0,59.0,48.75,-3.42,62,0,6.93,FR,1598812996,3007608
Guerrero Negro,80.69,80.69,27.98,-114.06,58,9,9.48,MX,1598812997,4021858
Mount Isa,71.6,71.6,-20.73,139.5,35,0,5.82,AU,1598812997,2065594
Tame,86.97,86.97,6.46,-71.73,57,29,4.92,CO,1598812998,3667478
Acapulco de Juárez,86.0,86.0,16.86,-99.89,70,40,5.82,MX,1598812999,3533462
Kavaratti,82.33,82.33,10.57,72.64,78,100,11.07,IN,1598812999,1267390
Tapes,53.44,53.44,-30.67,-51.4,92,100,11.45,BR,1598812999,3446880
Pedasí,80.8,80.8,7.53,-80.03,76,35,7.07,PA,1598813000,3703239
Dalvik,60.8,60.8,65.97,-18.53,59,75,24.16,IS,1598812912,2632287
Adeje,67.93,75.2,28.12,-16.73,57,20,24.16,ES,1598813001,2522437
Songea,68.0,68.0,-10.68,35.65,64,5,11.41,TZ,1598813001,877401
Nishihara,82.78,84.2,26.18,127.76,88,40,16.11,JP,1598813004,1855342
Hailar,54.07,54.07,49.2,119.7,97,100,7.78,CN,1598813004,2037078
Arrondissement du Havre,59.27,60.8,49.58,0.33,72,75,13.87,FR,1598813005,3013633
Warmbad,46.15,46.15,-28.45,18.73,45,98,4.5,NA,1598813005,3352263
Kununurra,62.6,62.6,-15.77,128.73,22,0,9.75,AU,1598813006,2068110
Taoudenni,99.66,99.66,22.68,-3.98,25,3,8.14,ML,1598813006,2450173
Mizque,76.21,76.21,-17.94,-65.34,31,87,12.28,BO,1598813006,3910291
Gonder,57.36,57.36,12.6,37.47,90,14,4.76,ET,1598813007,336014
Amalāpuram,80.1,80.1,16.58,82.02,87,20,2.21,IN,1598813007,1278935
Mae Ramat,75.67,75.67,16.98,98.52,93,100,0.43,TH,1598813007,1152202
Macheng,74.37,74.37,31.18,115.03,90,0,3.36,CN,1598812821,1801582
Marquette,63.27,64.99,46.53,-87.63,70,32,3.0,US,1598813008,5000950
Caravelas,78.21,78.21,-17.71,-39.25,71,0,9.13,BR,1598813008,3466980
Nouadhibou,78.8,78.8,20.93,-17.03,65,0,21.92,MR,1598813008,2377457
Markova,73.2,73.4,48.68,24.41,78,72,2.24,UA,1598813009,701802
San Patricio,86.0,86.0,19.22,-104.7,89,90,11.41,MX,1598813010,3985168
Maebaru-chūō,81.25,82.99,33.55,130.2,83,20,1.12,JP,1598813010,1857844
Totoró,61.14,61.14,2.51,-76.4,75,98,0.76,CO,1598813012,3666834
Pangnirtung,46.4,46.4,66.15,-65.71,81,20,9.17,CA,1598813012,6096551
Belmonte,78.8,78.8,-15.86,-38.88,69,20,14.99,BR,1598813013,3470137
Levice,79.99,82.0,48.22,18.61,59,100,1.01,SK,1598812729,3059101
Linda,79.16,80.01,39.13,-121.55,41,1,4.7,US,1598813014,5366531
Biograd na Moru,75.6,75.99,43.94,15.45,88,40,5.82,HR,1598813015,3204121
Pacific Grove,62.62,66.2,36.62,-121.92,63,1,5.06,US,1598813008,5380437
Padang,77.77,77.77,-0.95,100.35,81,100,4.85,ID,1598812873,1633419
Muhafazat Lahij,94.3,94.3,13.17,44.58,34,63,3.18,YE,1598813016,6201197
Muromtsevo,58.95,58.95,56.37,75.24,91,81,5.61,RU,1598813016,1498205
Coahuayana Viejo,77.0,77.0,18.73,-103.68,83,90,3.98,MX,1598813017,4013679
Lincoln,80.6,82.0,40.8,-96.67,47,1,13.87,US,1598813003,5072006
Toamasina,69.8,69.8,-18.17,49.38,94,75,5.7,MG,1598813017,1053384
Polovinnoye,67.87,67.87,54.79,65.99,66,69,6.44,RU,1598813018,1494523
Khani,71.6,71.6,41.96,42.96,88,0,3.36,GE,1598813019,610864
Kitui,66.34,66.34,-1.37,38.01,73,4,11.81,KE,1598813020,191038
Yeppoon,59.0,59.0,-23.13,150.73,87,0,5.82,AU,1598813020,2142316
Mahanoro,68.0,68.0,-19.9,48.8,88,17,1.45,MG,1598813021,1062553
Bubaque,80.53,80.53,11.28,-15.83,82,100,18.39,GW,1598813021,2374583
Dalaba,63.84,63.84,10.7,-12.25,100,100,5.3,GN,1598813022,2422383
Dzaoudzi,75.2,75.2,-12.79,45.27,83,0,8.05,YT,1598813024,921900
Faya,77.9,78.8,18.39,42.45,17,74,17.22,SA,1598813024,110690
Synya,49.5,49.5,65.37,58.04,98,100,3.83,RU,1598813025,485215
Camacha,73.4,73.4,33.08,-16.33,64,40,14.99,PT,1598813025,2270385
Nobres,106.59,106.59,-14.72,-56.33,10,0,6.02,BR,1598813026,3456277
Mungaa,66.52,66.52,-4.97,34.88,43,0,10.33,TZ,1598813026,152546
Henderson,95.56,97.0,36.04,-114.98,30,1,11.41,US,1598812784,5505411
Nicoya,89.6,89.6,10.15,-85.45,59,40,8.05,CR,1598813028,3622716
Nichinan,78.01,78.01,31.6,131.37,88,2,1.01,JP,1598813028,1855476
Pakokku,84.58,84.58,21.33,95.1,72,100,8.46,MM,1598813029,1302439
Mpophomeni,48.99,48.99,-29.57,30.19,90,100,3.33,ZA,1598813029,973139
Sibolga,75.96,75.96,1.74,98.78,83,100,3.33,ID,1598813030,1213855
Kabare,64.94,64.94,-2.47,28.82,75,40,2.44,CD,1598813030,215605
Mandera,85.32,85.32,3.94,41.87,45,0,17.9,KE,1598813031,187896
Sioux Lookout,68.0,68.0,50.1,-91.92,60,75,6.93,CA,1598812902,6148373
Larsnes,50.94,55.4,62.2,5.58,58,20,10.29,NO,1598813032,3148133
Ishigaki,83.98,83.98,24.34,124.16,79,0,20.02,JP,1598813032,1861416
Camocim,90.61,90.61,-2.9,-40.84,41,98,20.94,BR,1598813033,3403687
Miandrivazo,76.68,76.68,-19.52,45.47,66,0,1.61,MG,1598813034,1059051
Yamada,69.55,69.55,39.47,141.95,91,100,7.94,JP,1598813035,2110560
Hambantota,80.89,80.89,6.12,81.12,80,100,16.15,LK,1598813035,1244926
Kirensk,54.01,54.01,57.79,108.11,75,93,1.43,RU,1598813035,2022083
La Romana,91.4,91.4,18.43,-68.97,63,40,6.93,DO,1598813037,3500957
Virginia Beach,83.82,86.0,36.85,-75.98,45,20,4.7,US,1598812984,4791259
Mumford,74.57,74.57,5.26,-0.76,87,100,10.65,GH,1598813038,2297810
Alta Floresta,98.6,98.6,-9.88,-56.09,30,20,3.36,BR,1598813038,6316343
Sørland,48.2,48.2,67.67,12.69,66,40,5.82,NO,1598813038,3137469
Jiazi,80.24,80.24,22.88,116.07,87,68,8.88,CN,1598813039,1805935
Misratah,81.34,81.34,32.38,15.09,72,0,15.14,LY,1598812854,2214846
Ibicaraí,82.4,82.4,-14.87,-39.59,69,40,11.41,BR,1598813040,3461606
Provideniya,47.5,47.5,64.38,-173.3,71,96,21.36,RU,1598813040,4031574
Ginda,64.2,64.2,30.69,78.49,88,6,1.92,IN,1598813040,1253628
Enumclaw,62.96,64.99,47.2,-121.99,66,0,1.01,US,1598813041,5793822
Lysyye Gory,62.64,62.64,51.55,44.84,53,0,0.81,RU,1598813041,532664
Diré,77.11,77.11,12.28,-10.97,90,100,1.03,ML,1598813042,2458624
Buritizeiro,93.24,93.24,-17.35,-44.96,19,73,5.23,BR,1598813043,3468720
Belyy Yar,50.0,50.0,53.6,91.39,93,29,2.55,RU,1598813044,1510377
Bukachacha,50.61,50.61,52.98,116.92,92,100,2.84,RU,1598813044,2026023
Seymchan,34.93,34.93,62.88,152.43,86,0,3.4,RU,1598813046,2121373
Porosozero,47.23,47.23,62.72,32.73,83,87,3.98,RU,1598813047,506232
Umm Kaddadah,88.99,88.99,13.6,26.69,42,93,11.43,SD,1598813047,364933
Saint George,89.6,89.6,37.1,-113.58,21,1,5.82,US,1598812896,5546220
Vicuña,60.8,60.8,-30.03,-70.71,63,0,13.87,CL,1598813049,3868308
Djambala,74.75,74.75,-2.54,14.75,74,100,3.13,CG,1598813049,2260401
Glasgow,57.29,57.99,55.87,-4.26,71,69,5.82,GB,1598812888,2648579
Tautira,78.39,78.8,-17.73,-149.15,61,20,5.82,PF,1598813050,4033557
Mayumba,73.98,73.98,-3.43,10.66,86,70,7.85,GA,1598813050,2399001
Psebay,63.09,63.09,44.12,40.81,55,0,5.37,RU,1598813051,504391
Kitgum,68.25,68.25,3.28,32.89,88,37,2.42,UG,1598813052,230893
Kiunga,72.5,72.5,-6.12,141.29,98,94,1.34,PG,1598813052,2093846
Kumul,70.14,70.14,42.8,93.45,23,0,5.84,CN,1598813054,1529484
Mamaku,50.56,53.01,-38.1,176.08,91,79,1.01,NZ,1598813055,2187834
Kalabo,73.06,73.06,-14.97,22.68,46,43,5.55,ZM,1598813056,915471
